CustomerID,exp_purchases,exp_aov,exp_clv,exp_clv_disc
18102,19.34886230224899,8043.319949999418,155629.09016547096,154088.2080846247
14646,20.775491583223346,5265.091448887968,109384.86308127319,108301.84463492395
14156,35.83417216238104,2475.1265753822195,88694.11182593105,87815.95230290202
14911,58.27251058311549,1185.0965399767724,69058.55066781002,68374.80264139606
13694,22.26635270663339,2630.9990794533355,58582.753473935736,58002.72621181756
16754,11.09709527375329,3314.87969803436,36785.53583011783,36421.32260407705
17511,11.134533952794158,3252.835146181221,36218.80337799695,35860.201364353416
15061,18.433011754464026,1954.7042561401088,36031.08652993148,35674.34309894206
16684,8.488221432979639,4160.901917713947,35318.656838465606,34968.96716679763
17949,19.398211921733587,1360.39414205228,26389.21386461507,26127.93451942086
13089,30.875542434149423,851.2547747471036,26282.952919976506,26022.725663343073
15311,50.029855653049324,505.33536940446305,25281.855587685644,25031.54018582737
12931,13.85375901553824,1591.3919848355167,22046.761057170334,21828.476294228054
17850,10.295121184131244,2130.717413352043,21935.993979597944,21718.805920394003
17450,8.22539777916244,2637.852409414182,21697.385350153705,21482.559752627432
13093,16.728987763956106,1253.6001152149747,20971.460988325278,20763.822760718096
15838,6.7680067373966235,2668.236680501873,18058.643830605477,17879.845376837107
13798,21.564590040059425,820.1337342591155,17685.847757320866,17510.740353783036
16029,15.50362659942753,1124.2176942447736,17429.45134804036,17256.882522812237
14298,9.046732528893871,1882.016830901243,17026.102884040032,16857.527607960426
12454,7.69740490022793,2129.5430129527435,16391.954823148597,16229.658240741184
12415,6.181977004626466,2464.870599059688,15237.773362766855,15086.904319571144
16422,22.689016842115215,642.262002567346,14572.293393301159,14428.013260694217
13881,9.149635369924935,1577.405624145363,14432.686291398932,14289.788407325676
15769,8.576853392089317,1614.161900011019,13844.429967490845,13707.356403456282
17841,38.68012718259221,350.5598618072833,13559.700039817668,13425.44558397789
13902,2.0196340075593873,6585.067947542697,13299.427168946526,13167.749672224283
14680,16.267540685399503,791.3880068532562,12873.936599422566,12746.471880616402
13081,7.577751330908672,1692.0571502354912,12821.98832217053,12695.037942743098
16705,6.19511376685295,1884.092574250567,11672.167844765101,11556.6018265001
13802,8.116994828626538,1432.445729306503,11627.154577069054,11512.034234721836
17389,9.345834507052784,1179.1664664522739,11020.29465172916,10911.182823494219
14733,10.2597346257803,1071.2532690232595,10990.774257178275,10881.9547100775
13777,10.675440732297517,1027.4746537967992,10968.74477054564,10860.1433371739
13408,16.728987763956145,634.8110190810086,10619.745770630723,10514.599772901705
12748,43.954365398785455,240.78455013206366,10583.5320988869,10478.744652363268
16779,13.924608238219774,705.1858018727162,9819.43602623244,9722.213887358852
17381,8.20179220006557,1186.3795091363654,9730.438204352262,9634.097232031942
14031,10.702738257713456,897.4520747948508,9605.194655371168,9510.093718189275
15039,19.333604331292975,483.9008132247841,9355.546858478878,9262.917681662255
17920,16.351377299681133,550.722184463084,9005.066225460476,8915.907153921264
17677,8.690280658039136,1031.9128655189118,8967.612416000738,8878.824174258158
12709,6.6625524626479455,1329.759149673222,8859.590097383963,8771.871383548478
12482,3.0693513476532517,2869.0641852228814,8806.166023417529,8718.976260809435
12471,12.673432698514793,690.5510936419129,8751.65281015657,8665.002782333237
16013,9.908891115767155,882.2900019847581,8742.515562196955,8655.956002175202
14866,8.999217826502445,967.1224054954891,8703.345191944933,8617.17345737122
12921,12.937908467753413,670.6350922489522,8676.61543878031,8590.708355228031
14606,43.381705202848444,199.51318366181025,8655.222117698411,8569.526849206348
14063,3.381699718162991,2535.171534549484,8573.188863880827,8488.305805822602
14527,31.33463565464614,272.6122128201085,8542.204363724952,8457.628082895992
12433,5.840810415818838,1456.058309095071,8504.560537802057,8420.356968120848
18008,6.176807322455377,1373.5542704901366,8484.18007575333,8400.178292825078
17940,1.957662596338847,4318.801880927665,8454.756903289948,8371.04643890094
17448,10.349326510937225,804.2028220248648,8322.957586152463,8240.552065497488
17675,15.584358417044188,528.2046020312603,8231.729835587346,8150.227559987472
18251,3.0251710411701964,2668.2691544961167,8071.970576229337,7992.050075474591
14258,6.1157049571574715,1312.4818937370394,8026.752023707038,7947.279231393107
13767,13.85375901553842,565.0886605610033,7828.60212582553,7751.091213688643
15856,10.702738257713456,718.6074141074193,7691.067063244013,7614.9178844000135
18055,11.246010290320164,678.7609544569543,7633.352678490445,7557.774929198461
12681,10.983593089891382,684.9569139899575,7523.288027373423,7448.800027102398
16210,7.002694968324406,1066.852701312744,7470.844043426054,7396.875290520845
13078,13.853759015538445,537.893186017542,7451.842575187221,7378.061955630912
17404,3.666612601894547,1996.6953858554339,7321.108463922228,7248.622241507156
15523,6.0845085273310096,1166.5778975393894,7098.0531653742955,7027.7754112616785
13564,10.675440732297506,656.6448691776308,7009.9733830730465,6940.567706012917
17865,8.358655728827836,821.3565699156517,6865.436798535843,6797.462176768161
12678,4.1721209098045895,1635.105031559802,6821.855891897343,6754.312764254795
12476,8.365071832618016,802.2364674162616,6710.76567668275,6644.322452161139
15768,13.464341096468857,496.12394411426044,6679.982009679856,6613.843573940451
12647,11.442038741992961,574.4233709280904,6572.574464465404,6507.499469767727
17589,6.818419730237825,945.8508016075164,6449.207767541952,6385.354225289062
12939,4.744247453901318,1343.650668020336,6374.611260688284,6311.496297711173
14062,4.805276413578327,1319.8845489756427,6342.410091839124,6279.6139523159645
15808,7.900730454935336,785.1271844058217,6203.078256832707,6141.661640428422
17377,23.070957685706706,267.02073507200714,6160.424080052578,6099.429782230275
13001,8.86166969742349,692.7324559486425,6138.766213301838,6077.9863498038
12621,8.498269097655523,698.865138705737,5939.144011691706,5880.340605635352
16019,6.276611857426652,939.5371893154135,5897.110262950434,5838.723032624192
13090,12.38014165328902,475.9449981671129,5892.26649648324,5833.9272242408315
15513,6.814488467164279,861.30914123284,5869.381209594358,5811.2685243508495
17428,5.611104085472609,1044.2611540377288,5859.458027721441,5801.443591803407
16549,14.508973508433613,402.92563972365537,5846.037432619181,5788.155873880378
14667,12.970906834780642,443.2117223201785,5748.857958297704,5691.938572571984
14800,8.499342618117403,670.9381027627919,5702.532810930631,5646.072090030328
18118,16.231767505794892,346.46756136597674,5623.780904392259,5568.0999053388705
12766,6.5337523525130115,848.7208954520697,5545.33214728691,5490.427868600901
14895,5.74258789214053,964.2028915427222,5537.019850540125,5482.197871821906
16553,5.187528411205431,1065.1396381727975,5525.442134922459,5470.73478705194
15281,11.52082286453147,475.9975122211216,5483.883022257195,5429.587150749698
17243,18.433011754463998,295.69046557478435,5450.465827622932,5396.500819428646
16652,3.9208865773542128,1367.4009025998455,5361.42384486577,5308.340440461158
12682,10.190356824398092,509.79130628113234,5194.955316980755,5143.52011582253
16133,13.350059325289505,387.13988649517427,5168.340451896422,5117.168764253883
14277,2.009034402947384,2559.0823252574633,5141.2844314168315,5090.3806251651795
16525,10.216347511800864,499.5850177968854,5103.9341535022,5053.400151982377
16746,10.730175742721972,475.5793317071755,5103.049808824261,5052.524563192338
13027,6.428865150742461,791.982772854607,5091.5504483933655,5041.139057815213
12356,5.12912823381123,989.0689134648576,5073.061289237597,5022.832959641185
12967,5.924728083339514,854.5833791798409,5063.174146181984,5013.043709091073
14543,9.274506276612868,542.0105734365301,5026.880465327638,4977.109371611523
13319,10.785474919304045,459.40273311392565,4954.876655859975,4905.81847114849
17315,8.22539777916215,596.444665048386,4905.994623282108,4857.420419091196
17340,4.104654888538329,1182.9209415867192,4855.48222563829,4807.408144196327
17722,7.5005986352529375,645.2026852817307,4839.40638068568,4791.491466025426
15615,9.298161070807364,511.2695797915136,4753.866903505491,4706.798914361872
14134,4.805276413578294,979.9372171689696,4708.8691964496,4662.24672915802
12472,5.80302390229611,797.9614007008472,4630.5890813767,4584.741664729406
15251,4.446867736880581,1030.7993885201092,4583.828544006305,4538.444102976539
17735,8.585093504961414,533.1614237057887,4577.240675752547,4531.921461141135
18172,9.516611665698349,480.7782481711565,4575.379885159644,4530.079094217469
18087,5.153178811580014,887.1404197343404,4571.593213871203,4526.329914723963
14045,5.704666702489577,800.6845418551966,4567.638445119462,4522.414302098477
15640,4.855847992034897,937.352078236676,4551.6392069353005,4506.573472213169
16812,10.939253830891076,409.2269980554371,4476.6380061819955,4432.314857605936
17044,4.303010167444574,1033.0441042378711,4445.199283954232,4401.187409855675
15498,6.785907859522807,645.7745000395004,4382.166255297457,4338.778470591541
15093,6.645295416965295,657.1639294769848,4367.048448748312,4323.810345295358
16191,2.938303750433768,1483.0165721533313,4357.553155913563,4314.409065260954
17716,4.707228865841055,919.035293606407,4326.109462790788,4283.276695832463
17416,3.4350841266430123,1251.441435866142,4298.806611767123,4256.2441700664585
12949,4.71926543677306,899.7300067900798,4246.0647234720145,4204.024478685163
14952,6.560333997062246,638.2359737050767,4187.041156445541,4145.585303411426
13069,11.135036720528467,375.73682662680426,4183.843361744303,4142.419170043865
15159,6.803160911381041,613.3677191050957,4172.839290918733,4131.524050414588
15024,11.957895165671845,347.99372377021297,4161.272467155973,4120.071749659379
15291,11.163005397785744,367.20274629496475,4099.086238972441,4058.5012267053867
17706,5.887042423818126,694.859816920967,4090.6692208202285,4050.167545366563
17139,4.219520974426132,960.2035604120566,4051.5990628773225,4011.484220670616
16010,17.03457010035954,237.42160226252463,4044.3749270806575,4004.331610970948
14049,3.475473708378488,1162.5306755942106,4040.34479821116,4000.3413843674853
13715,7.525652005342941,535.1497160250217,4027.35053356241,3987.475775804366
16161,12.91543136981877,311.73385764760854,4026.177244096542,3986.314103065883
16843,6.67989937070194,602.1767991365132,4022.480421603303,3982.6538827755476
15649,9.639352100920977,413.33532625522156,3984.2847455231276,3944.8363817060667
17133,2.7045526145950656,1468.2927172139537,3971.0749073318916,3931.757333991972
16241,8.99849667707671,439.24935688648645,3952.5838783511304,3913.4493845060697
15738,10.429145284951746,378.65514004505553,3949.0494684236337,3909.949968736271
16546,4.1780884844460315,933.4998544022776,3900.244991910203,3861.6287048615873
14299,7.461788188821027,522.6549053738606,3899.9401997480445,3861.3269304436085
14040,9.274506276612787,420.0032433252441,3895.322716417704,3856.7551647700043
12540,6.16310406323795,630.3371203172602,3884.833267437015,3846.3695717198166
13113,8.641050329672655,448.1202837091553,3872.229925278,3833.8910151267323
12409,2.660871652646458,1443.4547842237973,3840.847917218012,3802.8197200178333
15358,7.093151011134721,541.0452589918741,3837.715725887859,3799.718540483029
14426,3.751025222525239,1017.0219348360547,3814.874929431461,3777.103890526199
16782,10.869500724800735,350.3540449967773,3808.1735460293403,3770.468857454792
18226,7.976525802068217,474.4187781111837,3784.213624589533,3746.746162959934
13952,3.929348661748223,962.8883958924563,3783.524229812916,3746.0635938741743
13137,8.311817318108163,454.7418557193134,3779.7312316364328,3742.308150135082
16904,11.58640015304738,324.78606990204486,3763.1013700207095,3725.8429406145638
13225,3.4624134147916337,1083.5626223319096,3751.741759328804,3714.595801315648
14961,4.731363721488239,787.3205054856218,3725.099676838453,3688.2175018202506
15601,6.069029359365138,611.9393099010479,3713.877637939101,3677.106572216932
12714,2.8855754072623934,1280.3775478986356,3694.62596422723,3658.0455091358713
16265,6.533752352511051,565.3026999780869,3693.5478458626744,3656.9780652105687
15981,8.018101831777605,460.643957235534,3693.49015730752,3656.9209478292278
14849,5.227177217463427,700.5039156619755,3661.6581086922,3625.4040680120793
16126,4.707228865841145,776.4040808016116,3654.711700706207,3618.526436342779
12980,5.166322086337755,707.1056408426973,3653.135489659639,3616.9658313461773
16814,10.47629064198922,348.16747285824164,3647.5036377498327,3611.389740346369
13102,10.062532086046572,359.6657481480635,3619.1481309918345,3583.314981180034
16919,15.336460441480568,235.84078574198134,3616.9628810195914,3581.15136734613
14739,8.379974629814338,430.91993322748203,3611.098107927588,3575.3446613144433
12841,16.806317560116717,213.81613344185993,3593.46183810019,3557.88300801999
16656,5.65425787860065,632.0292668863999,3573.6564617986196,3538.273724553089
13458,5.237041274020926,681.8600698918765,3570.9293291305503,3535.5735931985646
13178,4.405441861377218,806.4771751203419,3552.8883075204,3517.7111955647524
15078,7.500046192827018,471.86672502958425,3539.0222345798866,3503.982410475135
15005,12.937908467753413,273.02670663514357,3532.394539697651,3497.420336334308
13468,16.225943938581477,217.56270822414496,3530.160306770935,3495.2082245256784
15301,7.286043271288931,484.1745049744625,3527.7163940988316,3492.7885090087443
16258,4.4396407560754945,792.0772774126879,3516.5385627626847,3481.721349269985
15044,5.833721460264562,600.3103146109694,3502.043165164183,3467.369470459587
18225,6.115704957157664,562.9585931336745,3442.888658702118,3408.800652180315
13734,1.5777253665627267,2171.461450004798,3425.9698121856495,3392.0493189956924
16713,7.717681283359305,440.6757846552608,3400.995255263582,3367.3220349144376
14243,9.96051895622988,339.9658451800802,3386.236245386901,3352.709153848417
13013,7.22378776768791,467.0125031243936,3373.5992074273067,3340.1972350765413
17504,4.584084031996833,733.6576431938178,3363.1482871172097,3329.84978922496
18260,7.242844010377933,464.06043393490773,3361.117334378831,3327.8389449295355
13206,5.2330571153411025,640.963751996251,3354.1999230597107,3320.990022831397
17975,13.96219943330334,239.85435740385356,3348.894373019421,3315.7370029895255
17364,7.0931510111346645,472.014157074439,3348.0676955224335,3314.918510418251
12437,8.379974629814024,398.9697876417823,3343.3566985004245,3310.2541569311134
17858,7.538698530750768,442.734120264989,3337.639061954906,3304.5931306484217
15260,6.611048134021258,502.0783371469546,3319.2640539278705,3286.400053393931
16180,3.0971326425312746,1069.5940212069108,3312.674557336212,3279.875799342784
17581,4.719265436773099,698.2516322000706,3295.2347940121954,3262.6087069427676
14110,8.816581002716282,372.57179071079304,3284.809372128764,3252.2865070581825
14194,4.66452944888711,700.1156320036148,3265.709983107072,3233.376220898091
18075,10.88076411197949,298.95041161817613,3252.8089099965473,3220.6028811847004
12524,4.02866087614201,803.9754608728175,3238.9444845965613,3206.875727323328
14673,6.329818694530643,508.90883914715295,3221.3006838455367,3189.4066176688484
16168,14.384875378292014,222.49149081513787,3200.5123681061605,3168.8241268377824
14688,11.753959178937443,271.7665273606813,3194.332668799034,3162.7056126723105
13488,3.8618313868760366,826.8547041372669,3193.1734488233965,3161.557870122175
17811,11.247286012127507,283.85038014077486,3192.5464100944127,3160.937039697438
14828,4.303010167444518,738.0058521056861,3175.6466852443227,3144.204638855765
15497,2.992994979783365,1060.724190523468,3174.7421771715135,3143.309086308429
13362,5.0650759684763695,626.2376747275611,3171.941396817091,3140.5360364525654
13162,5.1928108000446915,606.7105596652686,3150.533146730966,3119.33974923858
17338,5.051724859307995,623.4281148323422,3149.387305690062,3118.2052531584773
13097,6.069029359365041,516.5714996551329,3135.08759761823,3104.0471263546833
15032,2.461997717172709,1263.3023314629315,3110.247456160698,3079.4529268917804
13199,11.220387348847508,277.08952250758387,3109.0517728422906,3078.26908202207
15874,4.677629217714409,664.1078997180382,3106.450515436046,3075.693579639649
13680,3.347022485817904,927.3829361247879,3103.971540173494,3073.2391486866277
16873,2.9268458865377407,1055.974231578321,3090.6738359848605,3060.0731049355054
16983,7.574378952403609,406.91348533524314,3082.11693877246,3051.600929477683
13554,9.355195393789147,328.6356896911405,3074.451090433277,3044.010980627007
17671,7.5005986538461835,409.45864734765644,3071.184979101511,3040.777207031199
15332,3.48409632571724,880.5782397451143,3068.0194096025075,3037.642979804463
16016,10.259734625780366,298.783882753128,3065.443347507369,3035.0924232746224
17068,17.116939365663505,178.6580247573086,3058.0785769600607,3027.8005712475847
16923,6.09977760067332,499.54688359608906,3047.1248910455865,3016.9553376688978
16550,6.084508527331123,500.3557157884375,3044.418619413616,3014.27586080556
16839,5.748141189031625,526.7214775471675,3027.66942023647,2997.692495283634
13050,8.667355829321941,348.21320727185946,3018.0877718946404,2988.2057147471687
15555,8.002523729115527,377.07424713955646,3017.5456103726733,2987.668921161063
16005,8.999068950581387,332.34894197108275,2990.831044450546,2961.2188558916296
16008,7.105433307716835,419.72504914660567,2982.3283442893776,2952.8003408805716
14395,7.23544490743099,411.62979264383017,2978.3246869316754,2948.836323694728
17198,8.65111924651486,343.4223542190965,2970.9877382682694,2941.5720180873955
13316,3.2154725496106034,920.7927814096126,2960.783912502206,2931.4692202992137
12989,6.679899370701847,442.2066367737241,2953.8958347049797,2924.649341292059
15570,7.337067401058642,402.43108408924576,2952.663988243894,2923.429691330588
12583,5.683397737291746,519.4316494108731,2952.136660939476,2922.9075850885897
17085,8.930174125844987,329.053268203298,2938.5029817338227,2909.408892805765
14676,3.2154725496105927,913.7072238606368,2938.0004967047785,2908.9113828760183
12668,2.84752213203508,1031.5294620000066,2937.3029728912575,2908.220765238869
18223,5.192810800044653,560.6143773630831,2911.164393431327,2882.340983595373
16327,4.8558479920349065,597.9713923485931,2903.658184830233,2874.90909389132
13668,6.227457708066124,466.079010617503,2902.487327237802,2873.749828948319
13735,3.4260699850965213,847.0985907449412,2902.219056168805,2873.4842140285195
14025,5.483923227998996,528.3449980086983,2897.4034069769837,2868.716244531667
15218,5.4752949396506745,526.1861133433259,2881.0241637031686,2852.499171983335
17204,2.8978884052046223,989.0500736095706,2866.156740479953,2837.7789509702507
17974,6.533752352511807,438.5717514641263,2865.5192128739586,2837.147735518771
12705,3.113599987244749,919.3712149506508,2862.5542031435357,2834.2120823203322
17288,4.596779883244965,612.9955428017461,2817.805579669894,2789.9065145246477
12731,2.5344421464487623,1109.2259444658985,2811.2689835888073,2783.434637216641
14016,3.170006876274138,886.6371397212862,2810.645829676511,2782.8176531450604
12835,16.686211078604067,168.3363190859477,2808.89535246337,2781.084507389475
14449,6.429677845462743,434.9544118194201,2796.616745461604,2768.927470754063
13263,8.601954566296289,325.10504415635523,2796.538819106717,2768.8503159472443
17396,11.715546204649385,238.55394362137218,2794.78974879751,2767.118563165852
12474,6.308753966857567,442.3739983080212,2790.8287166603714,2763.1967491686846
13004,8.19251855634045,340.34308868640215,2788.2670695855736,2760.6604649362116
14735,8.884387428496163,312.2844359857568,2774.4559171868723,2746.9860566206657
14249,3.908070172340548,708.2356890275028,2767.8347712754394,2740.430466609346
16170,7.595575277444416,364.0974609850672,2765.529673238459,2738.148191325207
16775,9.74066972249944,283.5935194111617,2762.39080802536,2735.040403985505
14051,6.100066856990117,451.9832318738527,2757.127932668968,2729.8296363059085
17756,8.264468894835472,332.3604910503103,2746.782940157533,2719.5870694629043
17230,4.314155632023031,636.4261028585947,2745.641256013875,2718.4566891226486
14390,7.31290585978161,374.4790068756425,2738.5297237460836,2711.4155680654294
17223,7.500598593389069,363.1560254307654,2723.887573526764,2696.9183896304594
13969,10.483109754603737,259.0640283108844,2715.7966422527707,2688.907566586902
13174,3.8084695643753608,712.770994413992,2714.5666385952486,2687.6897411834143
14422,5.849192353056885,461.7191245514464,2700.6839725864393,2673.944527313306
17160,4.731363721488259,569.0742380270426,2692.497204634724,2665.8388164700236
13629,4.066302855553331,661.9507417688841,2691.6921914904588,2665.0417737529297
14913,4.180531387973283,643.6973367437895,2690.99692061222,2664.3533867447723
16065,8.008294586364086,335.7002410261743,2688.38642285103,2661.7687354960694
18092,3.3470224858189073,798.1246760059919,2671.341237078985,2644.8923139395893
14415,4.405441861377312,605.946092878804,2669.460283306308,2643.029983471592
15369,3.3816997181614696,786.4890512489237,2659.669802945567,2633.336438559967
12755,4.268010453924853,622.2614575015807,2655.818405691262,2629.5231739517444
17409,2.46842461362899,1070.3473295026408,2642.0716932763776,2615.9125676003737
15984,6.984879907150253,377.0525340362177,2633.666668929664,2607.590761316499
15270,3.939769202444755,667.3616873934504,2629.25102288428,2603.218834538891
13340,1.8885529444428342,1389.5948838830438,2624.3235095400205,2598.3401084554657
16984,3.7889045157965375,689.7613713016096,2613.4399745466812,2587.5643312343377
13327,5.864745520932069,442.76949016549366,2596.7303842534548,2571.020182429163
13615,3.3592173958469487,771.8658573973099,2592.8652154293636,2567.1932826033303
15235,13.594124318835705,190.18074150752201,2585.340643101612,2559.743210991695
16456,4.746293448360796,544.3195579842661,2583.5003518753665,2557.92114047066
15351,6.725033017262329,382.0733483199659,2569.455882467741,2544.015725215585
14001,6.385838309702409,402.0944198471267,2567.7099503773466,2542.287079581531
16279,3.7661609472763793,680.7079146760077,2563.655564754722,2538.272836390814
15377,5.787860771148043,442.01522044379294,2558.322554656984,2532.992628373251
15382,1.9626812501494904,1302.1934741595026,2555.7907157998807,2530.485857227605
15023,4.514433452138985,564.0461273363848,2546.348705796821,2521.1373324721
12477,1.458577774969795,1736.593341993418,2532.95645279212,2507.8776760318024
13418,5.757578571261563,439.49849453725255,2530.4471142494026,2505.3931824251513
13047,5.357628260635507,472.02126436963505,2528.9144656076605,2503.875708522436
15413,1.9477018940923392,1297.151695388394,2526.464814033064,2501.450310923826
14482,4.6818853822887085,538.3697178061407,2520.585312063467,2495.6290218450167
17732,7.922432342731672,317.92773427798414,2518.7609646953024,2493.8227373220816
13999,7.519322689982636,334.63252153270787,2516.2099119669933,2491.2969425415777
14085,6.645295416965313,378.01723721262005,2512.0362139829135,2487.164568299914
17633,9.201967480994247,272.8838160053397,2511.0680009707535,2486.2059415552017
12481,3.6080862843167107,694.4088137541758,2505.486916615079,2480.680115460474
15034,4.0744938965799395,613.6803177115663,2500.436708967015,2475.679909868332
16558,7.480868277207122,333.93845867730766,2498.1496220585123,2473.4154673846656
16033,9.320552931040458,267.6168786490401,2494.337282688209,2469.640873948722
14585,8.238886643159084,302.3769301827749,2491.249251282311,2466.5834171111987
13324,4.336065971430167,572.5549984005085,2482.6362453366983,2458.0556884521766
13941,4.405441861377337,562.4123352663868,2477.674845137526,2453.1434110272535
17576,9.782203977568814,253.05283917306332,2475.4144898938216,2450.9054355384374
16817,8.894306175000485,276.91229900206963,2462.9427709476886,2438.5571989581076
15476,4.178088484445801,587.8765521781237,2456.2002529311194,2431.8814385456626
15144,4.370760373195859,560.5897180217412,2450.2033251504668,2425.943886287591
18231,9.815408472283329,249.21829149465432,2446.179329784606,2421.959732460006
15296,1.7118861328837072,1423.2573215960147,2436.4544723654244,2412.3311607578457
14443,6.620175193577364,368.02661897363157,2436.400693505384,2412.2779143617663
16401,7.07167190583072,343.97994682276664,2432.513326115704,2408.4290357581226
15950,2.805283709419157,866.1863203354745,2429.89837375883,2405.8399740186437
17696,7.617210849264985,318.1367476835748,2423.314686005203,2399.32147129228
14766,4.5885576740296745,527.613011602408,2420.982733306137,2397.012607233799
16103,7.225462598218613,333.3806022872991,2408.829072798474,2384.9792799984893
14030,4.336620674297225,555.2288481293045,2407.816901763776,2383.977130459184
12971,14.36540310509792,167.47792701664244,2405.887932800238,2382.0672601982556
12843,9.094212313692543,263.08301597628713,2392.5328034149225,2368.844359816755
17659,9.874016200299744,242.1967996428279,2391.455123334034,2367.7773498356773
13758,4.237328263794963,562.617465586328,2383.994888633638,2360.390978845186
14170,8.099434442066238,293.9617349601116,2380.9238007854747,2357.3502978074007
14597,4.404968045600252,539.3731903934932,2375.9216683367986,2352.3976914225727
14607,2.969308553545237,799.860006666902,2375.0311594347822,2351.5159994403784
17870,6.253175070976364,378.4897139203141,2366.7624437074837,2343.329152185627
12823,4.985665301420901,473.80977783873817,2362.2569688445424,2338.8682859846954
14505,3.390481592084521,696.678099159391,2362.0742708083494,2338.68739683995
15465,6.679899370702836,353.3040385672988,2360.0354248924696,2336.6687375172964
13267,6.163104063238005,382.85541854817995,2359.577785686975,2336.2156293930443
17548,7.940862142398008,296.6901666653119,2355.9757124943308,2332.6492202914164
17809,3.7890424248478807,619.542884728967,2347.474274250696,2324.2319547036595
15271,11.402168760357881,205.2352999485462,2340.127525595993,2316.9579461346466
14160,3.1879633262225027,732.971183695372,2336.685252798743,2313.5497552462803
17017,3.798731156628438,613.8913441332169,2332.0081757433613,2308.918985884516
13141,4.792797679468852,485.34560033073,2326.1632670055396,2303.131947530237
15544,6.0451653174442255,381.8701438974674,2308.468149656406,2285.612029362778
16316,5.170256445800239,446.01810737874143,2306.027994618561,2283.196034275803
15719,7.9007304549352515,291.3784735621238,2302.1027799848175,2279.309683153285
14918,3.5672519256157504,645.0991503187021,2301.2311861874746,2278.4467189974994
16985,4.336620674297195,528.124164323093,2290.2741695994546,2267.598187722232
15867,7.22378776768792,316.7213573049552,2287.9278666650503,2265.275115509951
14855,1.5301097990317136,1490.5483886238865,2280.7026953643394,2258.121480558752
12747,7.093151011134704,321.32767242234286,2279.225704548102,2256.659113413962
15955,4.806556776461649,473.932731532553,2277.9845823347723,2255.4302795393787
17146,5.046083467705968,450.3876249436255,2272.6935482873846,2250.1916319677075
12868,8.615571464299142,263.72632108673633,2272.1529663394786,2249.6564023163155
15525,6.08452227387308,372.7921246633215,2268.26198603845,2245.8039465727225
17838,5.211209792951792,434.0857245283564,2262.111778642745,2239.7146323195493
18116,11.586400153046586,195.0007395407231,2259.3565984588317,2236.986731147358
15028,8.26446889483633,273.26642366974716,2258.4018584217915,2236.041443981972
18178,3.5838231860666085,630.0547085705342,2258.0046730655204,2235.6481911539804
14461,4.305115281782116,522.8224211498997,2250.8107949507585,2228.5255395552063
15129,6.962488803254864,323.0113760506599,2248.963089076666,2226.6961277986793
13230,10.22659941549425,219.49313708225776,2244.6683873904167,2222.4439479113034
17894,13.423874957532922,167.16743110049717,2244.034692065074,2221.816526797103
16186,6.195113766853184,361.68426366415434,2240.6751610799593,2218.490258495009
16350,7.048829691783097,316.90430135181236,2233.804448822433,2211.687573091518
16931,7.788379732218862,286.776864803084,2233.5271215016082,2211.4129915857507
16539,6.0167517424350505,370.52596415437785,2229.36274044328,2207.2898420230495
13118,6.224643824644504,357.683599123107,2226.453006458268,2204.408917285414
14932,5.629062641568133,395.45454865264253,2226.0384262587777,2203.9984418403737
18041,8.896590700880065,250.19618638624152,2225.893065199492,2203.854519999497
17049,4.350870794458695,509.1122677086282,2215.081696674107,2193.150194726839
14113,4.780383589078485,462.39107804814984,2210.4067212376845,2188.521506175925
14744,5.000937916048296,441.5490850601767,2208.159561273872,2186.2965953206653
15392,4.712015647765174,466.2355400521403,2196.909160269932,2175.157584425675
12782,5.432055943558187,404.15949226390916,2195.416972097627,2173.68017039369
16709,3.390481592084618,645.5365486160971,2188.6797851007145,2167.0096882185294
18245,5.625549965806989,387.6010618002607,2180.4691399572093,2158.8803365912963
13032,5.088732612025795,427.79457843635635,2176.9322225369133,2155.3784381553596
17157,7.038599114249967,309.02645755742947,2175.1133504435284,2153.577574696563
14101,4.077110079523557,532.8402816396965,2172.4484830493775,2150.9390921280965
17965,7.6973757228185535,282.06816860038737,2171.1846731645123,2149.687795212388
13148,4.768033641392858,454.50272335181165,2167.0842750461093,2145.6279950951575
17999,6.8203181766982155,316.3233952108983,2157.426202071783,2136.0655466057256
17655,5.70643018567731,376.92487556858254,2150.8954876772236,2129.5994927497263
16893,7.259245153219575,296.03230147368566,2148.9710496692887,2127.694108583454
14292,2.6855784399313487,800.1548839125398,2148.8787048412883,2127.6026780606812
14175,2.7141406007553437,791.4589719036553,2148.130929475794,2126.8623064116773
14329,3.453255462119157,622.0454825133511,2148.081960175776,2126.8138219562143
14154,2.1869381923354143,980.3560746994835,2143.978141848331,2122.7506354933967
17739,4.768033641392926,449.56468123791313,2143.5395241244573,2122.316360519265
13576,4.780383589078493,447.55907644088364,2139.504064161127,2118.3208556050763
15547,4.755747340562229,449.5602124215204,2137.9947846462364,2116.8265194517194
12422,4.907495340549061,433.9416991291446,2129.5668665462194,2108.4820460853657
15194,5.6397997169177785,377.3806649490173,2128.3513673497105,2107.278581534367
13448,2.900446547103212,733.1186384669173,2126.3714235583784,2105.3182411469093
13044,4.6908027719965295,453.2555234836657,2126.132265979917,2105.0814514652643
12347,3.8186835212581904,554.5758345099197,2117.7496005310395,2096.7817827039994
16556,4.303010167444571,492.0752096765713,2117.4046303857053,2096.4402281046587
14755,4.719265436773064,448.58869173775435,2117.0091082452304,2096.0486220249804
14146,2.18693819233541,966.0267072823613,2112.6407009718155,2091.7234663087283
16992,4.066302855553543,518.924635983507,2110.104729116817,2089.212603085957
14648,5.7425878921401186,365.80555617277065,2100.670557755335,2079.871839361718
13854,6.718530632975769,311.35810481569956,2091.868965029558,2071.157391118374
12567,3.505690077727624,596.5351786162462,2091.26745669045,2070.5618383073765
15298,5.246611546050204,398.5676521686088,2091.1296457499443,2070.425391831628
14060,6.297306851422559,331.84443853240816,2089.726256376606,2069.0358974025803
15998,4.237328263794862,492.70924884729885,2087.7708259737956,2067.099827696827
17757,13.498727753027902,154.46741132231355,2085.1135321548904,2064.4688437177133
17307,5.363904063416781,388.7181709986196,2085.046976943435,2064.4029474687472
13031,3.661791668009682,567.2019627188639,2076.975421162674,2056.4113080818556
16570,4.7636108058830064,435.66910304762035,2075.3580470670013,2054.8099475910903
13451,3.3404214815927062,621.1068222714509,2074.7585714793377,2054.216407405285
16223,4.504986376577486,460.3485825075471,2073.864092673257,2053.330784825007
13555,3.2713506218123087,630.9130066275476,2063.937656540501,2043.5026302381198
13983,4.325358983674173,474.16016790677185,2050.91294195601,2030.6068732237723
15179,3.3384640165560184,613.4836263870071,2048.0930114393195,2027.8148628112074
16242,3.271088699421183,621.4106044423078,2032.6892058917197,2012.5635701898213
15633,5.712839502990301,353.52757003273655,2019.6462674791874,1999.6497697813736
16131,1.4935763223646052,1345.2774490414922,2009.2745448994297,1989.3807375241877
14882,6.077109175892726,330.61605521753177,2009.1898628599185,1989.2968939207115
13157,1.9778530938426386,1015.8224549225673,2009.1475852634242,1989.2550349142814
13599,3.7794029899024073,530.4905811802588,2004.9376886277357,1985.0868204235007
16458,9.331228506125424,214.83763068394185,2004.6990236264442,1984.850518442024
12839,5.698080589289647,351.5364632826761,2003.0830978585495,1983.2505919391579
18061,7.961493271383476,250.66900885431787,1995.6996273380166,1975.940225087145
12435,1.4935763223645724,1334.5651541465916,1993.2749148861749,1973.539519689282
13446,5.802355768788371,343.44459212449664,1992.7877103727421,1973.057138982913
17873,4.881535061006423,408.0869150077227,1992.090583548147,1972.366914404106
14135,4.707228865841187,421.43526957262304,1983.7922660158133,1964.1507584314984
14769,3.929348661748182,503.8228841345704,1979.6957755322837,1960.0948272596868
16083,5.237041202252491,377.25607390476637,1975.7056028392722,1956.144161227002
16701,5.611104085471998,351.99140008771656,1975.060383083195,1955.5053297853415
12734,4.792066939990442,411.6152328563177,1972.4877493672275,1952.9581676903242
15142,3.7761653231560075,522.1592247514546,1971.759557672467,1952.2371858143238
13381,2.405627168224735,819.1841087084243,1970.6515476869504,1951.1401462247034
13534,7.457264682205467,263.77008834837204,1967.0033640625304,1947.528083230228
18109,12.180422825449702,160.87093183419472,1959.4759700645884,1940.075217885731
12838,6.012683765267766,325.32322422832345,1956.0656687822054,1936.6986819625797
12380,1.8468600406411355,1059.0942055287799,1955.9987674656736,1936.6324430353204
12557,1.5529902641797975,1259.2424655051566,1955.5912891712726,1936.2289991794778
14439,1.7118861328836126,1140.3973485298595,1952.2304069255065,1932.9013929955509
14189,5.237041436526433,371.56305368486835,1945.8911084299511,1926.6248598316347
17096,5.358016440664517,362.1168689280469,1940.2281371584336,1921.0179575826076
16858,4.393820372489958,441.3452056248745,1939.191555775343,1919.9916393815276
16954,5.348359995201799,362.4790686674282,1938.6685499588787,1919.473811840474
14282,5.8206552717126065,332.95359876106846,1938.0081198642972,1918.81992065772
17346,7.9411135288110355,243.981969634205,1937.4885198481486,1918.3054651961868
12758,1.9477018943319149,994.276857598458,1936.5549190349002,1917.3811079553468
15750,4.695253537687507,412.1652462239997,1935.220330445077,1916.0597331139377
15898,9.51661166569857,203.09413898596625,1932.7680523088532,1913.6317349592605
13523,3.9524911149263118,488.39790123142654,1930.3883651658718,1911.2756090751207
16503,4.948769948936995,389.69913775859874,1928.5313820664117,1909.4370119469422
16477,5.504835346339215,349.3223411310137,1922.961970723969,1903.9227432910584
15694,5.233057115341302,367.1876258147067,1921.5138179349306,1902.488928648446
17692,5.770008373286634,332.9194330793354,1920.9479164976046,1901.928630195648
14127,5.065075968476264,379.2299299402173,1920.8284046671317,1901.8103016506254
13542,7.617210849265035,251.9244311931387,1918.961510479299,1899.9618915636624
14776,5.7935625110169005,330.4838719696406,1914.6789711390186,1895.7217536029887
15269,5.004682676389691,382.53788078614843,1914.4807050332618,1895.525450527982
14936,1.703637371976045,1123.1384024272882,1913.4205562765987,1894.4757982936621
13831,5.742587892140599,332.5822795286729,1909.8829715618774,1890.9732391701757
14868,5.402400327976798,353.17497521975247,1907.9926019603881,1889.1015860993941
12662,6.121781117668531,310.52800613505303,1900.9844844648255,1882.1628559057679
15038,7.312905859781731,259.9049608981117,1900.6605115381428,1881.8420906318245
15043,4.070653620239464,466.61886169234185,1899.4437586199492,1880.6373847722268
14487,6.620175193577364,286.51499720558974,1896.779477088333,1877.999482265676
13426,4.792797679468866,395.61891727217807,1896.1214286560803,1877.347949164436
15805,3.867964935016039,490.19519467953813,1896.0578243338143,1877.284974587935
15811,5.237041464923582,361.7898833394737,1894.7086206386891,1875.9491293452368
16499,4.702657057255726,402.50484895030564,1892.8422684958048,1874.1012559364403
15372,2.4069540082865934,786.2167554443988,1892.387570898976,1873.6510602960159
12643,3.5538450968046864,532.3555683655197,1891.9092263924742,1873.1774518737368
14176,6.25317505728405,302.2553299965597,1890.0554904656465,1871.3420697679667
13590,4.695253537687478,402.40526184608416,1889.3947292668825,1870.6878507592896
17796,7.697404900230951,244.42978917786508,1881.475056980117,1862.8465910694226
13869,2.7323301865901803,686.7770946427017,1876.5017871509551,1857.922561535599
12720,4.752982494894346,394.7908597732124,1876.434045646367,1857.855490738977
15674,3.3816997181631856,554.5666746232837,1875.3779672762535,1856.8098685903499
13756,4.3938203724899605,425.7395975527872,1870.6233171031133,1852.1022941614983
16444,7.232281056255148,258.3633877987508,1868.5566352068079,1850.056074462186
16945,4.325358983674065,431.52839481122555,1866.5152192071835,1848.0348705021618
17092,2.864775803839285,651.4995821206392,1866.4002390706125,1847.9210287827848
16722,4.719265436773117,395.0853405948934,1864.5125924452154,1846.052071727936
16128,4.60988694883589,404.40801423339263,1864.2752268191557,1845.8170562565897
15987,6.620175193577364,281.2057761016399,1861.6315032387467,1843.199508157175
13317,4.843105567245519,384.1010792780425,1860.2420754365003,1841.8238370658419
17702,4.096016373235677,453.463043605953,1857.392051267267,1839.0020309576903
17611,5.153178811579587,359.535421626178,1852.7503167363536,1834.4062541944095
13593,4.322064447564368,428.37851952540194,1851.479569340998,1833.1480884564337
13384,3.7761653231564902,490.29450445677224,1851.4331058638586,1833.1020850137213
13049,4.0229738764721565,459.63581272078625,1849.1028672667717,1830.7949180859125
16938,2.429871760659042,759.149958402561,1844.6370460278692,1826.3733128988804
17238,6.52695463325769,282.4037046021091,1843.2361682018718,1824.986305150368
15708,5.065075968476744,363.8189949984306,1842.7708484419115,1824.5255925167442
14221,4.21450101389062,436.97659605952333,1841.6383071393327,1823.4042644943888
14825,8.258275109427997,222.84697278485913,1840.3316085605804,1822.1105035253272
17091,4.881535061006445,376.16884080472835,1836.2813852464333,1818.100381432112
17457,3.8379866934962,478.1673058553074,1835.1997571375973,1817.0294625124725
12683,2.9537247910468634,620.963982796494,1834.1567103332022,1815.9967429041606
15646,6.232552441586875,294.02445752804726,1832.5228506526873,1814.3790600521656
14088,2.9653712079140733,617.6559606382598,1831.5792020732038,1813.4447545279245
12605,5.178737159113025,352.8443252760012,1827.2880186889906,1809.1960581079115
16250,5.4920264749412135,332.6805480096421,1827.0903773669058,1809.0003736305998
13883,3.8479276751349474,474.8109894298707,1827.0383466854064,1808.9488581043627
17231,5.233057115341192,347.81139483792083,1820.1168945533263,1802.0959352013133
16125,6.276611857426725,289.70839824332705,1818.3871676101703,1800.3833342674952
15321,2.326497229869036,780.885883853846,1816.7288456298068,1798.7414313166403
17663,5.550561938324641,326.60865284279384,1812.8615571966977,1794.9124328680175
15356,7.597538772328207,238.4230733419903,1811.4285439334228,1793.493607854874
15903,2.193203104451942,823.9645685219721,1807.1216496407942,1789.2293560799942
12490,4.695253537687467,384.6533356078485,1806.044934796035,1788.1633017782524
